INSERT INTO Admins (first_name, last_name, email, username, password, category) VALUES ('Adam', 'Jahur','adamnjahur@gmail.com', 'username', 'password', 'admin');
INSERT INTO Admins (first_name, last_name, email, username, password, category) VALUES ('Devin', 'Zimmerman','DZimmerman@gmail.com', 'username69', 'password69', 'admin');
INSERT INTO Admins (first_name, last_name, email, username, password, category) VALUES ('Edwin', 'Rivera','ERivera@gmail.com','username1', 'password1', 'admin');
INSERT INTO Admins (first_name, last_name, email, username, password, category) VALUES ('Beatriz', 'Lopez','BLopez@gmail.com','username2', 'password2', 'admin');
INSERT INTO Admins (first_name, last_name, email, username, password, category) VALUES ('Cynthia','Flemming','CFlemming@yahoo.com','WOFlemming','NavyWO01', 'veteran');
INSERT INTO Admins (first_name, last_name, email, username, password, category) VALUES ('Adam', 'Jensen', 'ajensen@versalife.com', 'deusex', 'adam3', 'employer');

INSERT INTO Employers (company_name, first_name, last_name, phone_number, email, website, address, city, state, zip, username, password, logo, category) VALUES ('Versalife', 'Adam', 'Jensen', '123-456-7789', 'ajensen@versalife.com', 'www.versalife.com', '123 Main St.', 'Orlando', 'FL', '25878', 'deusex', 'adam3', 'versalife.png', 'employer');
INSERT INTO Employers (company_name, first_name, last_name, phone_number, email, website, address, city, state, zip, username, password, logo, category) VALUES ('Vault-Tec', 'John', 'Hancock', '789-456-1236', 'johnh@vaulttec.com', 'www.vaulttec.com', '234 Second St.', 'New York', 'NY', '12345', 'ghoul', 'john1', 'vaulttec.png', 'employer');
INSERT INTO Employers (company_name, first_name, last_name, phone_number, email, website, address, city, state, zip, username, password, logo, category) VALUES ('Black Mesa Research  Facility', 'Gordon', 'Freeman', '963-882-7854', 'donfree@bmrf.com', 'www.blackmesa.com', '886 Third St.', 'Chicago', 'IL', '98745', 'halflife', 'valve3', 'blackmesa.png', 'employer');
INSERT INTO Employers (company_name, first_name, last_name, phone_number, email, website, address, city, state, zip, username, password, logo, category) VALUES ('U.N.I.T.', 'Sarah Jane', 'Smith', '852-357-9514', 'sjsmith@unit.org', 'www.unit.org', '854 Fourth St.', 'Milwakee', 'WI', '28961', 'ogcompanion', 'doctorwho', 'unit.png', 'employer');
INSERT INTO Employers (company_name, first_name, last_name, phone_number, email, website, address, city, state, zip, username, password, logo, category) VALUES ('Aperture Labs', 'Cave', 'Johnson', '835-778-9082', 'cake@aperture.com', 'www.aperture.com', '333 Fifth St.', 'Seattle', 'WA', '36758', 'glados09', 'cake1', 'aperture.png', 'employer');
INSERT INTO Employers (company_name, first_name, last_name, phone_number, email, website, address, city, state, zip, username, password, logo, category) VALUES ('Torchwood Institute', 'Jack', 'Harness', '854-753-0258', 'jackal@torchwood.gov', 'www.torchwood.gov', '658 Sixth St.', 'New Hope', 'MN', '55428', 'captain', 'who1', 'torchwood.png', 'employer');
INSERT INTO Employers (company_name, first_name, last_name, phone_number, email, website, address, city, state, zip, username, password, logo, category) VALUES ('Umbrella Corp', 'Albert', 'Weskar', '787-835-2573', 'albert@umbrella.com', 'www.umbrella.com', '675 Seventh St.', 'Boston', 'MA', '72045', 'resident', 'evilgod', 'umbrella.gif', 'employer');
INSERT INTO Employers (company_name, first_name, last_name, phone_number, email, website, address, city, state, zip, username, password, logo, category) VALUES ('ShinRa Electrical Power Co.', 'Rufus', 'Shinra', '787-284-2580', 'rufusisgood@shinra.com', 'www.shinra.com', '277 Eight St.', 'Aspen', 'CO', '57210', 'goodguy', 'dadisdead', 'shinra.jpg', 'employer');
INSERT INTO Employers (company_name, first_name, last_name, phone_number, email, website, address, city, state, zip, username, password, logo, category) VALUES ('Balamb Garden', 'Squall', 'Leonheart', '720-332-7535', 'gunblader@balamb.edu', 'www.balambg.edu', '999 Ninth St.', 'Miami', 'FL', '32825', 'seed', 'sephi4', 'balamb.jpg', 'employer');
INSERT INTO Employers (company_name, first_name, last_name, phone_number, email, website, address, city, state, zip, username, password, logo, category) VALUES ('NukaCola', 'Piper', 'Wright', '365-284-1002', 'pwright@nuka.com', 'www.nukacola.com', '255 Tenth St.', 'Atlanta', 'GA', '25581', 'dweller', 'vault101', 'nukacolas.jpg', 'employer');
INSERT INTO Employers (company_name, first_name, last_name, phone_number, email, website, address, city, state, zip, username, password, logo, category) VALUES ('Silph Co.', 'Ash', 'Ketchum', '675-936-4225', 'aketchum@silph.com', 'www.silph.com', '111 First St.', 'Austin', 'TX', '38721', 'trainer', 'poke1', 'silph.png', 'employer');

INSERT INTO Veterans (photo, rank, first_name, last_name, phone_number, email, address, city, state, zip, username, password, field, bio, category) VALUES ('Louis.jpg', 'Captain','Louis','Denard','718-346-8213','LDenard@aol.com','500 Maulbury Ln','Orlando','Florida','32818','CaptianD','CLDArmy1', 'Leadership', 'This is my bio1.', 'veteran');
INSERT INTO Veterans (photo, rank, first_name, last_name, phone_number, email, address, city, state, zip, username, password, field, bio, category) VALUES ('Cynthia.jpg', 'Warrant Officer','Cynthia','Flemming','942-026-4481','CFlemming@yahoo.com','12 West 21st St','Boston','Massachusetts','55490','WOFlemming','NavyWO01', 'Research', 'This is my bio2.', 'veteran');
INSERT INTO Veterans (photo, rank, first_name, last_name, phone_number, email, address, city, state, zip, username, password, field, bio, category) VALUES ('Omar.jpg', 'Private First Class','Omar','Gonzales','347-908-1934','OGFirstClass@gmail.com','7 SR 500 APT.23','Oakland','California','71739','PFCOG5000','PFCMarines', 'Medical', 'This is my bio3.', 'veteran');
INSERT INTO Veterans (photo, rank, first_name, last_name, phone_number, email, address, city, state, zip, username, password, field, bio, category) VALUES ('Jacob.jpg', 'Master Sergeant','Jacob','Rogers','754-779-3496','MSRogers@yahoo.com','12976 Plymouth Dr','Seattle','Washington','99417','MasSergJR99','MSJacob99', 'Investigation', 'This is my bio4.', 'veteran');
INSERT INTO Veterans (photo, rank, first_name, last_name, phone_number, email, address, city, state, zip, username, password, field, bio, category) VALUES ('Molly.jpg', 'Petty Officer Second Class','Molly','Hummers','491-308-3481','MHummer2class@gmail.com','3941 Lotus Lake Cir','Salt Lake City','Utah','44592','POSCMHummers','POSCCoastGuard45', 'Computer', 'This is my bio5.', 'veteran');

INSERT INTO Jobs (job_title, job_description, skills, field, company_name, employer_id, companyId) VALUES ('Synthetics Engineer', 'Manufacture synthetic enhancements for humans.', 'Strong analytical mind.', 'Robotics', 'Versalife', '', '1');
INSERT INTO Jobs (job_title, job_description, skills, field, company_name, employer_id, companyId) VALUES ('Robotics Engineer', 'Develops robots.','Experience in CAD.', 'Robotics', 'Versalife', '', '1');
INSERT INTO Jobs (job_title, job_description, skills, field, company_name, employer_id, companyId) VALUES ('Vault Safety Inspector', 'Ensures that all safety processes are being followed.','Good report writing ability.', 'Safety', 'Vault-Tec', '', '2');
INSERT INTO Jobs (job_title, job_description, skills, field, company_name, employer_id, companyId) VALUES ('Vault 101 Overseer', 'In charge of the vaults daily functions to be able to sustain human life.','Strong leadership skills.', 'Leadership', 'Vault-Tec', '', '2');
INSERT INTO Jobs (job_title, job_description, skills, field, company_name, employer_id, companyId) VALUES ('Teleportation technology researcher','In charge of R&D of teleportation devices.','Research and organization skills.', 'Research', 'Black Mesa Reseach Facility', '', '3');
INSERT INTO Jobs (job_title, job_description, skills, field, company_name, employer_id, companyId) VALUES ('Laboratory Lead', 'Lead laboratory personnel in new experiments.','Proven previous experience in lab environment.', 'Science', 'Black Mesa Research Facility', '', '3');
INSERT INTO Jobs (job_title, job_description, skills, field, company_name, employer_id, companyId) VALUES ('E.T. Recon Officer', 'Investigate leads on extraterrestrial life on Earth.','Gun license and expertise.', 'Investigation', 'U.N.I.T.', '', '4');
INSERT INTO Jobs (job_title, job_description, skills, field, company_name, employer_id, companyId) VALUES ('Alien technology analyzer', 'Gather and report findings from confiscated alien technology.','Attention to detail.', 'Research', 'U.N.I.T.', '', '4');
INSERT INTO Jobs (job_title, job_description, skills, field, company_name, employer_id, companyId) VALUES ('New technology tester', 'CLASSIFIED. There will be cake.','Ability to follow instructions.', 'QA', 'Aperture Labs', '', '5');
INSERT INTO Jobs (job_title, job_description, skills, field, company_name, employer_id, companyId) VALUES ('Computer programmer', 'In charge of coding proprietary systems.','Knowledge in C++ and matter relativity.', 'Computer', 'Aperture Labs', '', '5');
INSERT INTO Jobs (job_title, job_description, skills, field, company_name, employer_id, companyId) VALUES ('Field Agent','Investigating reported unsual situations.','Self defense skills.', 'Investigation', 'Torchwood Institute', '', '6');
INSERT INTO Jobs (job_title, job_description, skills, field, company_name, employer_id, companyId) VALUES ('Government Liaison', 'Responsible for the communication between the Institute and Government Officials.','Good diplomacy skills.', 'Diplomacy', 'Torchwood Institute', '', '6');
INSERT INTO Jobs (job_title, job_description, skills, field, company_name, employer_id, companyId) VALUES ('Pharmacist','Development of new biochemical medicines.','Biochemistry degree.','Medical', 'Umbrella Corp', '', '7');
INSERT INTO Jobs (job_title, job_description, skills, field, company_name, employer_id, companyId) VALUES ('Genetic Engineer', 'Experiment with genetic material to create new life.','Experience in human genomes.', 'Medical', 'Umbrella Corp', '', '7');
INSERT INTO Jobs (job_title, job_description, skills, field, company_name, employer_id, companyId) VALUES ('Chief Executive Officer','In charge of all Company business and direction.', 'Previous experience leading a multi million dollar company.', 'Leadership', 'ShinRa Electric Power Co.', '', '8');
INSERT INTO Jobs (job_title, job_description, skills, field, company_name, employer_id, companyId) VALUES ('Plant Manager','In charge of plant functionality in Sector 7.','Ability to identify needs of both employees and production.', 'Management', 'ShinRa Electric Power Co.', '', '8');
INSERT INTO Jobs (job_title, job_description, skills, field, company_name, employer_id, companyId) VALUES ('Combat Instructor','Training new SeeD candidates.','Trained and licensed in an array of military weaponry.', 'Education', 'Balamb Garden', '', '9');
INSERT INTO Jobs (job_title, job_description, skills, field, company_name, employer_id, companyId) VALUES ('Student Relations Manager','Liaison between the staff and students.','People skills and friend approchable attitude.', 'HR', 'Balamb Garden', '', '9');
INSERT INTO Jobs (job_title, job_description, skills, field, company_name, employer_id, companyId) VALUES ('Sales Representative','Door to door sales of NukaCola products.','Ability to meet monthly sales goals, good interpersonal skills.', 'Sales', 'NukaCola', '', '10');
INSERT INTO Jobs (job_title, job_description, skills, field, company_name, employer_id, companyId) VALUES ('Graphic Designer','In charge of new ad art design.','Experience working with vintage pinup art.', 'Marketing', 'NukaCola', '', '10');
INSERT INTO Jobs (job_title, job_description, skills, field, company_name, employer_id, companyId) VALUES ('Wildlife Trainer','Capture, categorize and train species found.','Zoology degree is a must.', 'Science', 'Silph Co.', '', '11');
INSERT INTO Jobs (job_title, job_description, skills, field, company_name, employer_id, companyId) VALUES ('Scope App Developer','Creation of different software to use with the Silph Scope.','Expert in UX in the poke field.', 'Computer', 'Siplh Co.', '', '11');

